mode,repeat,total_seconds,output_tokens,output_tokens_per_second,ttft_p50_ms,ttft_p95_ms,tpot_p50_ms,tpot_p95_ms,latency_p50_ms,latency_p95_ms,peak_kv_blocks
full_recompute,1,2.176584,16,7.350970,721.041988,1487.085207,134.081032,191.604285,1123.285083,2061.898062,0
paged_sequential,1,4.069228,16,3.931949,1785.051558,3702.628846,44.255761,44.461246,1917.818842,3836.012583,3
continuous_batching,1,2.086437,16,7.668577,1205.004378,1822.513564,278.844263,278.844263,2041.537166,2079.700842,8
full_recompute,2,2.234650,16,7.159959,735.748186,1527.087182,134.853128,195.773162,1140.307571,2114.406669,0
paged_sequential,2,4.126996,16,3.876912,1840.874721,3761.719817,44.972638,45.622644,1975.661777,3895.015495,3
continuous_batching,2,2.074125,16,7.714098,1200.803652,1812.484517,276.341897,276.341897,2029.829344,2067.479315,8
full_recompute,3,2.211701,16,7.234251,733.022382,1507.939476,134.417907,195.423956,1136.276102,2094.211345,0
paged_sequential,3,4.162277,16,3.844050,1822.568107,3788.521927,45.020142,45.201386,1957.989873,3923.589978,3
continuous_batching,3,2.056059,16,7.781878,1188.828601,1797.610354,274.306078,274.306078,2011.746834,2049.411082,8
